<metadata xml:lang="en"><Esri><CreaDate>20240217</CreaDate><CreaTime>10065500</CreaTime><ArcGISFormat>1.0</ArcGISFormat><SyncOnce>FALSE</SyncOnce><DataProperties><lineage><Process ToolSource="c:\program files\arcgis\pro\Resources\ArcToolbox\toolboxes\Spatial Analyst Tools.tbx\Contour" Date="20240214" Time="110131">Contour "Annual Rainfall Kriging" Y:\Student_Working\2023_2024\THURSTON\A1134_GIS_Spatial_Data_Management\Assignment\Assignment_v1.gdb\Contour_AnnualR2 30 730 1 "Contour polygon" #</Process><Process ToolSource="c:\program files\arcgis\pro\Resources\ArcToolbox\toolboxes\Data Management Tools.tbx\CalculateField" Date="20240214" Time="111647">CalculateField Contour_AnnualR2 "Contour mid" "!ContourMin! + 15" "Python 3" # "Short (16-bit integer)" NO_ENFORCE_DOMAINS</Process><Process ToolSource="c:\program files\arcgis\pro\Resources\ArcToolbox\toolboxes\Data Management Tools.tbx\CalculateField" Date="20240214" Time="111839">CalculateField Contour_AnnualR2 Average_Rain 853.11 "Python 3" # "Double (64-bit floating point)" NO_ENFORCE_DOMAINS</Process><Process ToolSource="c:\program files\arcgis\pro\Resources\ArcToolbox\toolboxes\Data Management Tools.tbx\CalculateField" Date="20240214" Time="112236">CalculateField Contour_AnnualR2 Rain_Contrib "!Contour_mid! * !Shape_Area!" "Python 3" # "Double (64-bit floating point)" NO_ENFORCE_DOMAINS</Process><Process ToolSource="c:\program files\arcgis\pro\Resources\ArcToolbox\toolboxes\Data Management Tools.tbx\CalculateField" Date="20240214" Time="112306">CalculateField Contour_AnnualR2 Rain_Total 41.42 "Python 3" # "Double (64-bit floating point)" NO_ENFORCE_DOMAINS</Process><Process ToolSource="c:\program files\arcgis\pro\Resources\ArcToolbox\toolboxes\Data Management Tools.tbx\MultipartToSinglepart" Date="20240214" Time="120123">MultipartToSinglepart "Annual Rainfall Kriging" Y:\Student_Working\2023_2024\THURSTON\A1134_GIS_Spatial_Data_Management\Assignment\Assignment_v1.gdb\AnnualRainfall_MultipartToSi</Process><Process ToolSource="c:\program files\arcgis\pro\Resources\ArcToolbox\toolboxes\Data Management Tools.tbx\CalculateField" Date="20240214" Time="120344">CalculateField "Annual Rainfall Kriging" Rain_Contrib_2 "!Contour_mid! * !Shape_Area!" "Python 3" # "Double (64-bit floating point)" NO_ENFORCE_DOMAINS</Process><Process ToolSource="c:\program files\arcgis\pro\Resources\ArcToolbox\toolboxes\Data Management Tools.tbx\Eliminate" Date="20240214" Time="120906">Eliminate "Annual Rainfall Kriging" Y:\Student_Working\2023_2024\THURSTON\A1134_GIS_Spatial_Data_Management\Assignment\Assignment_v1.gdb\AnnualRainfallKrig_Eliminate LENGTH # #</Process><Process ToolSource="c:\program files\arcgis\pro\Resources\ArcToolbox\toolboxes\Data Management Tools.tbx\CalculateField" Date="20240214" Time="121248">CalculateField "Annual Rainfall Kriging" Rain_Contrib_2 "!Contour_mid! * !Shape_Area!" "Python 3" # "Double (64-bit floating point)" NO_ENFORCE_DOMAINS</Process><Process ToolSource="c:\program files\arcgis\pro\Resources\ArcToolbox\toolboxes\Data Management Tools.tbx\DeleteField" Date="20240214" Time="121326">DeleteField "Annual Rainfall Kriging" Rain_Contrib "Delete Fields"</Process><Process ToolSource="c:\program files\arcgis\pro\Resources\ArcToolbox\toolboxes\Data Management Tools.tbx\UpdateSchema" Date="20240214" Time="121350">UpdateSchema "CIMDATA=&lt;CIMStandardDataConnection xsi:type='typens:CIMStandardDataConnection' xmlns:xsi='http://www.w3.org/2001/XMLSchema-instance' xmlns:xs='http://www.w3.org/2001/XMLSchema' xmlns:typens='http://www.esri.com/schemas/ArcGIS/3.1.0'&gt;&lt;WorkspaceConnectionString&gt;DATABASE=Y:\Student_Working\2023_2024\THURSTON\A1134_GIS_Spatial_Data_Management\Assignment\Assignment_v1.gdb&lt;/WorkspaceConnectionString&gt;&lt;WorkspaceFactory&gt;FileGDB&lt;/WorkspaceFactory&gt;&lt;Dataset&gt;AnnualRainfallKrig_Eliminate&lt;/Dataset&gt;&lt;DatasetType&gt;esriDTFeatureClass&lt;/DatasetType&gt;&lt;/CIMStandardDataConnection&gt;" &lt;operationSequence&gt;&lt;workflow&gt;&lt;AlterField&gt;&lt;field_name&gt;Rain_Contrib_2&lt;/field_name&gt;&lt;new_field_name&gt;Rain_Contrib&lt;/new_field_name&gt;&lt;field_is_nullable&gt;True&lt;/field_is_nullable&gt;&lt;clear_field_alias&gt;False&lt;/clear_field_alias&gt;&lt;/AlterField&gt;&lt;/workflow&gt;&lt;/operationSequence&gt;</Process><Process ToolSource="c:\program files\arcgis\pro\Resources\ArcToolbox\toolboxes\Data Management Tools.tbx\CalculateField" Date="20240214" Time="121526">CalculateField "Annual Rainfall Kriging" Rain_Total 41.41 "Python 3" # "Double (64-bit floating point)" NO_ENFORCE_DOMAINS</Process><Process ToolSource="c:\program files\arcgis\pro\Resources\ArcToolbox\toolboxes\Conversion Tools.tbx\ExportFeatures" Date="20240214" Time="122912">ExportFeatures "Annual Rainfall Kriging" Y:\Student_Working\2023_2024\THURSTON\A1134_GIS_Spatial_Data_Management\Assignment\Assignment_v1.gdb\AnnualRainfall_ExportFeature # NOT_USE_ALIAS "ContourMin "Contour minimum" true true false 8 Double 0 0,First,#,Annual Rainfall Kriging,ContourMin,-1,-1;ContourMax "Contour maximum" true true false 8 Double 0 0,First,#,Annual Rainfall Kriging,ContourMax,-1,-1;Contour_mid "Contour mid" true true false 2 Short 0 0,First,#,Annual Rainfall Kriging,Contour_mid,-1,-1;Average_Rain "Average_Rain" true true false 8 Double 0 0,First,#,Annual Rainfall Kriging,Average_Rain,-1,-1;Rain_Total "Rain_Total" true true false 8 Double 0 0,First,#,Annual Rainfall Kriging,Rain_Total,-1,-1;ORIG_FID "ORIG_FID" true true false 4 Long 0 0,First,#,Annual Rainfall Kriging,ORIG_FID,-1,-1;Rain_Contrib "Rain_Contrib" true true false 8 Double 0 0,First,#,Annual Rainfall Kriging,Rain_Contrib,-1,-1;Shape_Length "Shape_Length" false true true 8 Double 0 0,First,#,Annual Rainfall Kriging,Shape_Length,-1,-1;Shape_Area "Shape_Area" false true true 8 Double 0 0,First,#,Annual Rainfall Kriging,Shape_Area,-1,-1" #</Process><Process ToolSource="c:\program files\arcgis\pro\Resources\ArcToolbox\toolboxes\Data Management Tools.tbx\CalculateGeometryAttributes" Date="20240214" Time="143153">CalculateGeometryAttributes "Annual Rainfall Kriging" "Rain_Contrib AREA_GEODESIC" # "Square Meters" GEOGCS["GCS_WGS_1984",DATUM["D_WGS_1984",SPHEROID["WGS_1984",6378137.0,298.257223563]],PRIMEM["Greenwich",0.0],UNIT["Degree",0.0174532925199433]] "Same as input"</Process><Process ToolSource="c:\program files\arcgis\pro\Resources\ArcToolbox\toolboxes\Data Management Tools.tbx\CalculateField" Date="20240214" Time="143400">CalculateField "Annual Rainfall Kriging" Area_m2 1 "Python 3" # "Double (64-bit floating point)" NO_ENFORCE_DOMAINS</Process><Process ToolSource="c:\program files\arcgis\pro\Resources\ArcToolbox\toolboxes\Data Management Tools.tbx\CalculateGeometryAttributes" Date="20240214" Time="143417">CalculateGeometryAttributes "Annual Rainfall Kriging" "Area_m2 AREA_GEODESIC" # "Square Meters" GEOGCS["GCS_WGS_1984",DATUM["D_WGS_1984",SPHEROID["WGS_1984",6378137.0,298.257223563]],PRIMEM["Greenwich",0.0],UNIT["Degree",0.0174532925199433]] "Same as input"</Process><Process ToolSource="c:\program files\arcgis\pro\Resources\ArcToolbox\toolboxes\Data Management Tools.tbx\CalculateField" Date="20240214" Time="150549">CalculateField "Annual Rainfall Kriging" Rain_Volume_m3 "(!Average_Rain! / 1000) * !Area_m2!" "Python 3" # "Double (64-bit floating point)" NO_ENFORCE_DOMAINS</Process><Process ToolSource="c:\program files\arcgis\pro\Resources\ArcToolbox\toolboxes\Data Management Tools.tbx\CalculateField" Date="20240214" Time="150612">CalculateField "Annual Rainfall Kriging" Rain_Volume_m3 "(!Contour_mid! / 1000) * !Area_m2!" "Python 3" # "Double (64-bit floating point)" NO_ENFORCE_DOMAINS</Process><Process ToolSource="c:\program files\arcgis\pro\Resources\ArcToolbox\toolboxes\Data Management Tools.tbx\DeleteField" Date="20240214" Time="150645">DeleteField "Annual Rainfall Kriging" Rain_Contrib "Delete Fields"</Process><Process ToolSource="c:\program files\arcgis\pro\Resources\ArcToolbox\toolboxes\Data Management Tools.tbx\CalculateField" Date="20240214" Time="150951">CalculateField "Annual Rainfall Kriging" Rain_Volume_m3 round((($feature.Contour_mid / 1000) * $feature.Area_m2),2) Arcade # "Double (64-bit floating point)" NO_ENFORCE_DOMAINS</Process><Process ToolSource="c:\program files\arcgis\pro\Resources\ArcToolbox\toolboxes\Data Management Tools.tbx\CalculateField" Date="20240214" Time="151026">CalculateField "Annual Rainfall Kriging" Area_m2 round($feature.Area_m2,2) Arcade # "Double (64-bit floating point)" NO_ENFORCE_DOMAINS</Process><Process ToolSource="c:\program files\arcgis\pro\Resources\ArcToolbox\toolboxes\Data Management Tools.tbx\CalculateField" Date="20240214" Time="151131">CalculateField "Annual Rainfall Kriging" Rain_Total Sum($feature.Rain_Volume_m3) Arcade # "Double (64-bit floating point)" NO_ENFORCE_DOMAINS</Process><Process ToolSource="c:\program files\arcgis\pro\Resources\ArcToolbox\toolboxes\Data Management Tools.tbx\CalculateField" Date="20240214" Time="151427">CalculateField "Annual Rainfall Kriging" Rain_Total 325625539.77 Arcade # "Double (64-bit floating point)" NO_ENFORCE_DOMAINS</Process><Process ToolSource="c:\program files\arcgis\pro\Resources\ArcToolbox\toolboxes\Data Management Tools.tbx\UpdateSchema" Date="20240214" Time="151448">UpdateSchema "CIMDATA=&lt;CIMStandardDataConnection xsi:type='typens:CIMStandardDataConnection' xmlns:xsi='http://www.w3.org/2001/XMLSchema-instance' xmlns:xs='http://www.w3.org/2001/XMLSchema' xmlns:typens='http://www.esri.com/schemas/ArcGIS/3.1.0'&gt;&lt;WorkspaceConnectionString&gt;DATABASE=Y:\Student_Working\2023_2024\THURSTON\A1134_GIS_Spatial_Data_Management\Assignment\Assignment_v1.gdb&lt;/WorkspaceConnectionString&gt;&lt;WorkspaceFactory&gt;FileGDB&lt;/WorkspaceFactory&gt;&lt;Dataset&gt;AnnualRainfall_ExportFeature&lt;/Dataset&gt;&lt;DatasetType&gt;esriDTFeatureClass&lt;/DatasetType&gt;&lt;/CIMStandardDataConnection&gt;" &lt;operationSequence&gt;&lt;workflow&gt;&lt;AlterField&gt;&lt;field_name&gt;Rain_Total&lt;/field_name&gt;&lt;new_field_name&gt;Rain_Vol_Total_m3&lt;/new_field_name&gt;&lt;field_is_nullable&gt;True&lt;/field_is_nullable&gt;&lt;clear_field_alias&gt;False&lt;/clear_field_alias&gt;&lt;/AlterField&gt;&lt;/workflow&gt;&lt;/operationSequence&gt;</Process><Process ToolSource="c:\program files\arcgis\pro\Resources\ArcToolbox\toolboxes\Data Management Tools.tbx\CalculateField" Date="20240214" Time="151640">CalculateField "Annual Rainfall Kriging" Rain_Vol_Total_m3 325625540 Arcade # "Double (64-bit floating point)" NO_ENFORCE_DOMAINS</Process><Process ToolSource="c:\program files\arcgis\pro\Resources\ArcToolbox\toolboxes\Data Management Tools.tbx\CalculateField" Date="20240214" Time="151712">CalculateField "Annual Rainfall Kriging" Area_Total_m2 380885140 Arcade # "Double (64-bit floating point)" NO_ENFORCE_DOMAINS</Process><Process ToolSource="c:\program files\arcgis\pro\Resources\ArcToolbox\toolboxes\Data Management Tools.tbx\CalculateField" Date="20240214" Time="151759">CalculateField "Annual Rainfall Kriging" Rain_Volume_m3 Round($feature.Rain_Volume_m3, 0) Arcade # "Double (64-bit floating point)" NO_ENFORCE_DOMAINS</Process><Process ToolSource="c:\program files\arcgis\pro\Resources\ArcToolbox\toolboxes\Data Management Tools.tbx\CalculateField" Date="20240214" Time="151819">CalculateField "Annual Rainfall Kriging" Area_m2 Round($feature.Area_m2, 0) Arcade # "Double (64-bit floating point)" NO_ENFORCE_DOMAINS</Process><Process ToolSource="c:\program files\arcgis\pro\Resources\ArcToolbox\toolboxes\Data Management Tools.tbx\CalculateField" Date="20240214" Time="151904">CalculateField "Annual Rainfall Kriging" Average_Rain 853 Arcade # "Double (64-bit floating point)" NO_ENFORCE_DOMAINS</Process><Process ToolSource="c:\program files\arcgis\pro\Resources\ArcToolbox\toolboxes\Data Management Tools.tbx\CalculateField" Date="20240214" Time="152630">CalculateField "Annual Rainfall Kriging" Percentage_Rain Round((($feature.Rain_Volume_m3 / $feature.Rain_Vol_Total_m3) * 100), 2)
 Arcade # "Double (64-bit floating point)" NO_ENFORCE_DOMAINS</Process><Process ToolSource="c:\program files\arcgis\pro\Resources\ArcToolbox\toolboxes\Data Management Tools.tbx\CalculateField" Date="20240214" Time="155520">CalculateField "Annual Rainfall Kriging" Island_Min_Rain 738 Arcade # "Long (32-bit integer)" NO_ENFORCE_DOMAINS</Process><Process ToolSource="c:\program files\arcgis\pro\Resources\ArcToolbox\toolboxes\Data Management Tools.tbx\CalculateField" Date="20240214" Time="155552">CalculateField "Annual Rainfall Kriging" Island_Max_Rain 941 Arcade # "Long (32-bit integer)" NO_ENFORCE_DOMAINS</Process><Process ToolSource="c:\program files\arcgis\pro\Resources\ArcToolbox\toolboxes\Data Management Tools.tbx\UpdateSchema" Date="20240214" Time="155622">UpdateSchema "CIMDATA=&lt;CIMStandardDataConnection xsi:type='typens:CIMStandardDataConnection' xmlns:xsi='http://www.w3.org/2001/XMLSchema-instance' xmlns:xs='http://www.w3.org/2001/XMLSchema' xmlns:typens='http://www.esri.com/schemas/ArcGIS/3.1.0'&gt;&lt;WorkspaceConnectionString&gt;DATABASE=Y:\Student_Working\2023_2024\THURSTON\A1134_GIS_Spatial_Data_Management\Assignment\Assignment_v1.gdb&lt;/WorkspaceConnectionString&gt;&lt;WorkspaceFactory&gt;FileGDB&lt;/WorkspaceFactory&gt;&lt;Dataset&gt;AnnualRainfall_ExportFeature&lt;/Dataset&gt;&lt;DatasetType&gt;esriDTFeatureClass&lt;/DatasetType&gt;&lt;/CIMStandardDataConnection&gt;" &lt;operationSequence&gt;&lt;workflow&gt;&lt;AlterField&gt;&lt;field_name&gt;Average_Rain&lt;/field_name&gt;&lt;new_field_name&gt;Island_Av_Rain&lt;/new_field_name&gt;&lt;field_is_nullable&gt;True&lt;/field_is_nullable&gt;&lt;clear_field_alias&gt;False&lt;/clear_field_alias&gt;&lt;/AlterField&gt;&lt;/workflow&gt;&lt;/operationSequence&gt;</Process><Process ToolSource="c:\program files\arcgis\pro\Resources\ArcToolbox\toolboxes\Data Management Tools.tbx\CalculateField" Date="20240214" Time="165114">CalculateField "Annual Rainfall Kriging" Contour_mid "$feature.ContourMin + 15" Arcade # "Long (32-bit integer)" NO_ENFORCE_DOMAINS</Process><Process ToolSource="c:\program files\arcgis\pro\Resources\ArcToolbox\toolboxes\Data Management Tools.tbx\UpdateSchema" Date="20240214" Time="165157">UpdateSchema "CIMDATA=&lt;CIMStandardDataConnection xsi:type='typens:CIMStandardDataConnection' xmlns:xsi='http://www.w3.org/2001/XMLSchema-instance' xmlns:xs='http://www.w3.org/2001/XMLSchema' xmlns:typens='http://www.esri.com/schemas/ArcGIS/3.1.0'&gt;&lt;WorkspaceConnectionString&gt;DATABASE=Y:\Student_Working\2023_2024\THURSTON\A1134_GIS_Spatial_Data_Management\Assignment\Assignment_v1.gdb&lt;/WorkspaceConnectionString&gt;&lt;WorkspaceFactory&gt;FileGDB&lt;/WorkspaceFactory&gt;&lt;Dataset&gt;AnnualRainfall_ExportFeature&lt;/Dataset&gt;&lt;DatasetType&gt;esriDTFeatureClass&lt;/DatasetType&gt;&lt;/CIMStandardDataConnection&gt;" &lt;operationSequence&gt;&lt;workflow&gt;&lt;AlterField&gt;&lt;field_name&gt;Contour_mid&lt;/field_name&gt;&lt;new_field_name&gt;Contour_middle&lt;/new_field_name&gt;&lt;field_is_nullable&gt;True&lt;/field_is_nullable&gt;&lt;clear_field_alias&gt;False&lt;/clear_field_alias&gt;&lt;/AlterField&gt;&lt;/workflow&gt;&lt;/operationSequence&gt;</Process><Process ToolSource="c:\program files\arcgis\pro\Resources\ArcToolbox\toolboxes\Data Management Tools.tbx\DeleteField" Date="20240214" Time="165434">DeleteField "Annual Rainfall Kriging" Contour_middle "Delete Fields"</Process><Process ToolSource="c:\program files\arcgis\pro\Resources\ArcToolbox\toolboxes\Data Management Tools.tbx\CalculateField" Date="20240214" Time="165535">CalculateField "Annual Rainfall Kriging" Contour_middle "!ContourMin! + 15" "Python 3" # "Double (64-bit floating point)" NO_ENFORCE_DOMAINS</Process><Process ToolSource="c:\program files\arcgis\pro\Resources\ArcToolbox\toolboxes\Conversion Tools.tbx\ExportFeatures" Date="20240214" Time="170727">ExportFeatures "Annual Rainfall Kriging" Y:\Student_Working\2023_2024\THURSTON\A1134_GIS_Spatial_Data_Management\Assignment\Assignment_v1.gdb\AnnualRainfall_ExportFeature1 # NOT_USE_ALIAS "ContourMin "Contour minimum" true true false 8 Double 0 0,First,#,Annual Rainfall Kriging,ContourMin,-1,-1;ContourMax "Contour maximum" true true false 8 Double 0 0,First,#,Annual Rainfall Kriging,ContourMax,-1,-1;Island_Av_Rain "Island_Av_Rain" true true false 8 Double 0 0,First,#,Annual Rainfall Kriging,Island_Av_Rain,-1,-1;Rain_Vol_Total_m3 "Rain_Vol_Total_m3" true true false 8 Double 0 0,First,#,Annual Rainfall Kriging,Rain_Vol_Total_m3,-1,-1;ORIG_FID "ORIG_FID" true true false 4 Long 0 0,First,#,Annual Rainfall Kriging,ORIG_FID,-1,-1;Shape_Length "Shape_Length" false true true 8 Double 0 0,First,#,Annual Rainfall Kriging,Shape_Length,-1,-1;Shape_Area "Shape_Area" false true true 8 Double 0 0,First,#,Annual Rainfall Kriging,Shape_Area,-1,-1;Area_m2 "Area_m2" true true false 8 Double 0 0,First,#,Annual Rainfall Kriging,Area_m2,-1,-1;Rain_Volume_m3 "Rain_Volume_m3" true true false 8 Double 0 0,First,#,Annual Rainfall Kriging,Rain_Volume_m3,-1,-1;Area_Total_m2 "Area_Total_m2" true true false 8 Double 0 0,First,#,Annual Rainfall Kriging,Area_Total_m2,-1,-1;Percentage_Rain "Percentage_Rain" true true false 8 Double 0 0,First,#,Annual Rainfall Kriging,Percentage_Rain,-1,-1;Island_Min_Rain "Island_Min_Rain" true true false 4 Long 0 0,First,#,Annual Rainfall Kriging,Island_Min_Rain,-1,-1;Island_Max_Rain "Island_Max_Rain" true true false 4 Long 0 0,First,#,Annual Rainfall Kriging,Island_Max_Rain,-1,-1;Contour_middle "Contour_middle" true true false 8 Double 0 0,First,#,Annual Rainfall Kriging,Contour_middle,-1,-1" #</Process><Process ToolSource="c:\program files\arcgis\pro\Resources\ArcToolbox\toolboxes\Data Management Tools.tbx\CalculateField" Date="20240214" Time="171452">CalculateField AnnualRainfall_ExportFeature1 Contour_mid !Contour_middle! "Python 3" # "Double (64-bit floating point)" NO_ENFORCE_DOMAINS</Process><Process ToolSource="c:\program files\arcgis\pro\Resources\ArcToolbox\toolboxes\Data Management Tools.tbx\CalculateField" Date="20240214" Time="182558">CalculateField "Annual Rainfall Kriging" Rain_Vol_Other_m3 "!Rain_Vol_Total_m3! - !Rain_Volume_m3!" "Python 3" # "Double (64-bit floating point)" NO_ENFORCE_DOMAINS</Process><Process ToolSource="c:\program files\arcgis\pro\Resources\ArcToolbox\toolboxes\Data Management Tools.tbx\Project" Date="20240217" Time="100656">Project "Annual Rainfall (Kriging)" Y:\Student_Working\2023_2024\THURSTON\A1134_GIS_Spatial_Data_Management\Assignment\Assignment_v1.gdb\AnnualRainfallKrigin_Project PROJCS["WGS_1984_Web_Mercator_Auxiliary_Sphere",GEOGCS["GCS_WGS_1984",DATUM["D_WGS_1984",SPHEROID["WGS_1984",6378137.0,298.257223563]],PRIMEM["Greenwich",0.0],UNIT["Degree",0.0174532925199433]],PROJECTION["Mercator_Auxiliary_Sphere"],PARAMETER["False_Easting",0.0],PARAMETER["False_Northing",0.0],PARAMETER["Central_Meridian",0.0],PARAMETER["Standard_Parallel_1",0.0],PARAMETER["Auxiliary_Sphere_Type",0.0],UNIT["Meter",1.0]] # GEOGCS["GCS_WGS_1984",DATUM["D_WGS_1984",SPHEROID["WGS_1984",6378137.0,298.257223563]],PRIMEM["Greenwich",0.0],UNIT["Degree",0.0174532925199433]] NO_PRESERVE_SHAPE # NO_VERTICAL</Process><Process ToolSource="c:\program files\arcgis\pro\Resources\ArcToolbox\toolboxes\Data Management Tools.tbx\CopyFeatures" Date="20240217" Time="101020">CopyFeatures "Annual Rainfall (Kriging)" "C:\Users\s427068\Downloads\Annual Rainfall (Kriging).shp" # # # #</Process></lineage><itemProps><itemName Sync="TRUE">Annual Rainfall (Kriging)</itemName><imsContentType Sync="TRUE">002</imsContentType><itemLocation><linkage Sync="TRUE">file://\\50CR007\C$\Users\s427068\Downloads\Annual Rainfall (Kriging).shp</linkage><protocol Sync="TRUE">Local Area Network</protocol></itemLocation><itemSize Sync="TRUE">0.000</itemSize></itemProps><coordRef><type Sync="TRUE">Projected</type><geogcsn Sync="TRUE">GCS_WGS_1984</geogcsn><csUnits Sync="TRUE">Linear Unit: Meter (1.000000)</csUnits><peXml Sync="TRUE">&lt;ProjectedCoordinateSystem xsi:type='typens:ProjectedCoordinateSystem' xmlns:xsi='http://www.w3.org/2001/XMLSchema-instance' xmlns:xs='http://www.w3.org/2001/XMLSchema' xmlns:typens='http://www.esri.com/schemas/ArcGIS/3.1.0'&gt;&lt;WKT&gt;PROJCS[&amp;quot;WGS_1984_Web_Mercator_Auxiliary_Sphere&amp;quot;,GEOGCS[&amp;quot;GCS_WGS_1984&amp;quot;,DATUM[&amp;quot;D_WGS_1984&amp;quot;,SPHEROID[&amp;quot;WGS_1984&amp;quot;,6378137.0,298.257223563]],PRIMEM[&amp;quot;Greenwich&amp;quot;,0.0],UNIT[&amp;quot;Degree&amp;quot;,0.0174532925199433]],PROJECTION[&amp;quot;Mercator_Auxiliary_Sphere&amp;quot;],PARAMETER[&amp;quot;False_Easting&amp;quot;,0.0],PARAMETER[&amp;quot;False_Northing&amp;quot;,0.0],PARAMETER[&amp;quot;Central_Meridian&amp;quot;,0.0],PARAMETER[&amp;quot;Standard_Parallel_1&amp;quot;,0.0],PARAMETER[&amp;quot;Auxiliary_Sphere_Type&amp;quot;,0.0],UNIT[&amp;quot;Meter&amp;quot;,1.0],AUTHORITY[&amp;quot;EPSG&amp;quot;,3857]]&lt;/WKT&gt;&lt;XOrigin&gt;-20037700&lt;/XOrigin&gt;&lt;YOrigin&gt;-30241100&lt;/YOrigin&gt;&lt;XYScale&gt;148923141.92838538&lt;/XYScale&gt;&lt;ZOrigin&gt;-100000&lt;/ZOrigin&gt;&lt;ZScale&gt;10000&lt;/ZScale&gt;&lt;MOrigin&gt;-100000&lt;/MOrigin&gt;&lt;MScale&gt;10000&lt;/MScale&gt;&lt;XYTolerance&gt;0.001&lt;/XYTolerance&gt;&lt;ZTolerance&gt;0.001&lt;/ZTolerance&gt;&lt;MTolerance&gt;0.001&lt;/MTolerance&gt;&lt;HighPrecision&gt;true&lt;/HighPrecision&gt;&lt;WKID&gt;102100&lt;/WKID&gt;&lt;LatestWKID&gt;3857&lt;/LatestWKID&gt;&lt;/ProjectedCoordinateSystem&gt;</peXml><projcsn Sync="TRUE">WGS_1984_Web_Mercator_Auxiliary_Sphere</projcsn></coordRef><LayerFile>{"type":"CIMLayerDocument","version":"3.1.0","build":41833,"layers":["CIMPATH=map3/contour_annualr2.json"],"layerDefinitions":[{"type":"CIMFeatureLayer","name":"Contour_AnnualR2","uRI":"CIMPATH=map3/contour_annualr2.json","sourceModifiedTime":{"type":"TimeInstant"},"useSourceMetadata":true,"description":"Contour_AnnualR2","layerElevation":{"type":"CIMLayerElevationSurface","elevationSurfaceLayerURI":"CIMPATH=map3/ground.json"},"expanded":true,"layerType":"Operational","showLegends":true,"visibility":true,"displayCacheType":"Permanent","maxDisplayCacheAge":5,"showPopups":true,"serviceLayerID":-1,"refreshRate":-1,"refreshRateUnit":"esriTimeUnitsSeconds","blendingMode":"Alpha","allowDrapingOnIntegratedMesh":true,"autoGenerateFeatureTemplates":true,"featureTable":{"type":"CIMFeatureTable","displayField":"ContourMin","editable":true,"dataConnection":{"type":"CIMStandardDataConnection"},"studyAreaSpatialRel":"esriSpatialRelUndefined","searchOrder":"esriSearchOrderSpatial"},"selectable":true,"featureCacheType":"Session","displayFiltersType":"ByScale","featureBlendingMode":"Alpha","renderer":{"type":"CIMUniqueValueRenderer","sampleSize":10000,"colorRamp":{"type":"CIMMultipartColorRamp","colorRamps":[{"type":"CIMPolarContinuousColorRamp","colorSpace":{"type":"CIMICCColorSpace","url":"Default RGB"},"fromColor":{"type":"CIMHSVColor","values":[98,42,60,100]},"toColor":{"type":"CIMHSVColor","values":[57,33,95,100]},"interpolationSpace":"HSV","polarDirection":"Auto"},{"type":"CIMPolarContinuousColorRamp","colorSpace":{"type":"CIMICCColorSpace","url":"Default RGB"},"fromColor":{"type":"CIMHSVColor","values":[57,33,95,100]},"toColor":{"type":"CIMHSVColor","values":[40,45,95,100]},"interpolationSpace":"HSV","polarDirection":"Auto"},{"type":"CIMPolarContinuousColorRamp","colorSpace":{"type":"CIMICCColorSpace","url":"Default RGB"},"fromColor":{"type":"CIMHSVColor","values":[40,45,95,100]},"toColor":{"type":"CIMHSVColor","values":[14,36,76,100]},"interpolationSpace":"HSV","polarDirection":"Counterclockwise"},{"type":"CIMPolarContinuousColorRamp","colorSpace":{"type":"CIMICCColorSpace","url":"CIELAB"},"fromColor":{"type":"CIMHSVColor","values":[13.7200000000000006,36.0799999999999983,76.0799999999999983,100]},"toColor":{"type":"CIMLABColor","values":[97.6613879613448859,5.1406236854073528,-3.2669338597618669,100]},"interpolationSpace":"LAB","polarDirection":"Counterclockwise"}],"weights":[1,1,1,1]},"defaultSymbolPatch":"Default","fields":["ContourMin"],"groups":[{"type":"CIMUniqueValueGroup","classes":[{"type":"CIMUniqueValueClass","editable":true,"label":"\u2264760.00000","patch":"Default","symbol":{"type":"CIMSymbolReference","symbol":{"type":"CIMPolygonSymbol","symbolLayers":[{"type":"CIMSolidFill","enable":true,"name":"Contour_0","color":{"type":"CIMHSVColor","values":[98,42,60,100]}}],"angleAlignment":"Map"},"symbolName":"Level_1"},"values":[{"type":"CIMUniqueValue","fieldValues":["735.109985351563"]}],"visible":true},{"type":"CIMUniqueValueClass","editable":true,"label":"\u2264790.00000","patch":"Default","symbol":{"type":"CIMSymbolReference","symbol":{"type":"CIMPolygonSymbol","symbolLayers":[{"type":"CIMSolidFill","enable":true,"name":"Contour_1","color":{"type":"CIMHSVColor","values":[74.5699999999999932,36.8599999999999994,80,100]}}],"angleAlignment":"Map"}},"values":[{"type":"CIMUniqueValue","fieldValues":["760"]}],"visible":true},{"type":"CIMUniqueValueClass","editable":true,"label":"\u2264820.00000","patch":"Default","symbol":{"type":"CIMSymbolReference","symbol":{"type":"CIMPolygonSymbol","symbolLayers":[{"type":"CIMSolidFill","enable":true,"name":"Contour_2","color":{"type":"CIMHSVColor","values":[54.57,34.7100000000000009,95,100]}}],"angleAlignment":"Map"}},"values":[{"type":"CIMUniqueValue","fieldValues":["790"]}],"visible":true},{"type":"CIMUniqueValueClass","editable":true,"label":"\u2264850.00000","patch":"Default","symbol":{"type":"CIMSymbolReference","symbol":{"type":"CIMPolygonSymbol","symbolLayers":[{"type":"CIMSolidFill","enable":true,"name":"Contour_3","color":{"type":"CIMHSVColor","values":[44.8599999999999994,41.57,95,100]}}],"angleAlignment":"Map"}},"values":[{"type":"CIMUniqueValue","fieldValues":["820"]}],"visible":true},{"type":"CIMUniqueValueClass","editable":true,"label":"\u2264880.00000","patch":"Default","symbol":{"type":"CIMSymbolReference","symbol":{"type":"CIMPolygonSymbol","symbolLayers":[{"type":"CIMSolidFill","enable":true,"name":"Contour_4","color":{"type":"CIMHSVColor","values":[32.57,42.43,89.5699999999999932,100]}}],"angleAlignment":"Map"}},"values":[{"type":"CIMUniqueValue","fieldValues":["850"]}],"visible":true},{"type":"CIMUniqueValueClass","editable":true,"label":"\u2264910.00000","patch":"Default","symbol":{"type":"CIMSymbolReference","symbol":{"type":"CIMPolygonSymbol","symbolLayers":[{"type":"CIMSolidFill","enable":true,"name":"Contour_5","color":{"type":"CIMHSVColor","values":[17.7100000000000009,37.2899999999999991,78.7099999999999937,100]}}],"angleAlignment":"Map"}},"values":[{"type":"CIMUniqueValue","fieldValues":["880"]}],"visible":true},{"type":"CIMUniqueValueClass","editable":true,"label":"\u2264940.00000","patch":"Default","symbol":{"type":"CIMSymbolReference","symbol":{"type":"CIMPolygonSymbol","symbolLayers":[{"type":"CIMSolidFill","enable":true,"name":"Contour_6","color":{"type":"CIMLABColor","values":[78.0499999999999972,17.3000000000000007,2.9300000000000002,100]}}],"angleAlignment":"Map"}},"values":[{"type":"CIMUniqueValue","fieldValues":["910"]}],"visible":true},{"type":"CIMUniqueValueClass","editable":true,"label":"\u2264969.98175","patch":"Default","symbol":{"type":"CIMSymbolReference","symbol":{"type":"CIMPolygonSymbol","symbolLayers":[{"type":"CIMSolidFill","enable":true,"name":"Contour_7","color":{"type":"CIMLABColor","values":[97.6599999999999966,5.1399999999999997,-3.27,100]}}],"angleAlignment":"Map"}},"values":[{"type":"CIMUniqueValue","fieldValues":["940"]}],"visible":true}],"heading":"Contour range"}],"polygonSymbolColorTarget":"Fill"},"scaleSymbols":true,"snappable":true,"symbolLayerDrawing":{"type":"CIMSymbolLayerDrawing","symbolLayers":[{"type":"CIMSymbolLayerIdentifier","symbolLayerName":"Contour_7"},{"type":"CIMSymbolLayerIdentifier","symbolLayerName":"Contour_6"},{"type":"CIMSymbolLayerIdentifier","symbolLayerName":"Contour_5"},{"type":"CIMSymbolLayerIdentifier","symbolLayerName":"Contour_4"},{"type":"CIMSymbolLayerIdentifier","symbolLayerName":"Contour_3"},{"type":"CIMSymbolLayerIdentifier","symbolLayerName":"Contour_2"},{"type":"CIMSymbolLayerIdentifier","symbolLayerName":"Contour_1"},{"type":"CIMSymbolLayerIdentifier","symbolLayerName":"Contour_0"}],"useSymbolLayerDrawing":true}}]}</LayerFile></DataProperties><SyncDate>20240217</SyncDate><SyncTime>10102000</SyncTime><ModDate>20240217</ModDate><ModTime>10102000</ModTime></Esri><contour_type>CONTOUR_POLYGON</contour_type><dataIdInfo><envirDesc Sync="TRUE">Microsoft Windows 10 Version 10.0 (Build 19045) ; Esri ArcGIS 13.1.0.41833</envirDesc><dataLang><languageCode value="eng" Sync="TRUE"></languageCode><countryCode value="GBR" Sync="TRUE"></countryCode></dataLang><idCitation><resTitle Sync="TRUE">Annual Rainfall (Kriging)</resTitle><presForm><PresFormCd value="005" Sync="TRUE"></PresFormCd></presForm></idCitation><spatRpType><SpatRepTypCd value="001" Sync="TRUE"></SpatRepTypCd></spatRpType></dataIdInfo><mdLang><languageCode value="eng" Sync="TRUE"></languageCode><countryCode value="GBR" Sync="TRUE"></countryCode></mdLang><distInfo><distFormat><formatName Sync="TRUE">Shapefile</formatName></distFormat><distTranOps><transSize Sync="TRUE">0.000</transSize></distTranOps></distInfo><mdHrLv><ScopeCd value="005" Sync="TRUE"></ScopeCd></mdHrLv><mdHrLvName Sync="TRUE">dataset</mdHrLvName><refSysInfo><RefSystem><refSysID><identCode code="3857" Sync="TRUE"></identCode><idCodeSpace Sync="TRUE">EPSG</idCodeSpace><idVersion Sync="TRUE">6.18.3(9.3.1.2)</idVersion></refSysID></RefSystem></refSysInfo><spatRepInfo><VectSpatRep><geometObjs Name="Annual Rainfall (Kriging)"><geoObjTyp><GeoObjTypCd value="002" Sync="TRUE"></GeoObjTypCd></geoObjTyp><geoObjCnt Sync="TRUE">0</geoObjCnt></geometObjs><topLvl><TopoLevCd value="001" Sync="TRUE"></TopoLevCd></topLvl></VectSpatRep></spatRepInfo><spdoinfo><ptvctinf><esriterm Name="Annual Rainfall (Kriging)"><efeatyp Sync="TRUE">Simple</efeatyp><efeageom code="4" Sync="TRUE"></efeageom><esritopo Sync="TRUE">FALSE</esritopo><efeacnt Sync="TRUE">0</efeacnt><spindex Sync="TRUE">FALSE</spindex><linrefer Sync="TRUE">FALSE</linrefer></esriterm></ptvctinf></spdoinfo><eainfo><detailed Name="Annual Rainfall (Kriging)"><enttyp><enttypl Sync="TRUE">Annual Rainfall (Kriging)</enttypl><enttypt Sync="TRUE">Feature Class</enttypt><enttypc Sync="TRUE">0</enttypc></enttyp><attr><attrlabl Sync="TRUE">FID</attrlabl><attalias Sync="TRUE">FID</attalias><attrtype Sync="TRUE">OID</attrtype><attwidth Sync="TRUE">4</attwidth><atprecis Sync="TRUE">0</atprecis><attscale Sync="TRUE">0</attscale><attrdef Sync="TRUE">Internal feature number.</attrdef><attrdefs Sync="TRUE">Esri</attrdefs><attrdomv><udom Sync="TRUE">Sequential unique whole numbers that are automatically generated.</udom></attrdomv></attr><attr><attrlabl Sync="TRUE">Shape</attrlabl><attalias Sync="TRUE">Shape</attalias><attrtype Sync="TRUE">Geometry</attrtype><attwidth Sync="TRUE">0</attwidth><atprecis Sync="TRUE">0</atprecis><attscale Sync="TRUE">0</attscale><attrdef Sync="TRUE">Feature geometry.</attrdef><attrdefs Sync="TRUE">Esri</attrdefs><attrdomv><udom Sync="TRUE">Coordinates defining the features.</udom></attrdomv></attr><attr><attrlabl Sync="TRUE">ContourMin</attrlabl><attalias Sync="TRUE">ContourMin</attalias><attrtype Sync="TRUE">Double</attrtype><attwidth Sync="TRUE">19</attwidth><atprecis Sync="TRUE">0</atprecis><attscale Sync="TRUE">0</attscale></attr><attr><attrlabl Sync="TRUE">ContourMax</attrlabl><attalias Sync="TRUE">ContourMax</attalias><attrtype Sync="TRUE">Double</attrtype><attwidth Sync="TRUE">19</attwidth><atprecis Sync="TRUE">0</atprecis><attscale Sync="TRUE">0</attscale></attr><attr><attrlabl Sync="TRUE">Island_Av_</attrlabl><attalias Sync="TRUE">Island_Av_</attalias><attrtype Sync="TRUE">Double</attrtype><attwidth Sync="TRUE">19</attwidth><atprecis Sync="TRUE">0</atprecis><attscale Sync="TRUE">0</attscale></attr><attr><attrlabl Sync="TRUE">Rain_Vol_T</attrlabl><attalias Sync="TRUE">Rain_Vol_T</attalias><attrtype Sync="TRUE">Double</attrtype><attwidth Sync="TRUE">19</attwidth><atprecis Sync="TRUE">0</atprecis><attscale Sync="TRUE">0</attscale></attr><attr><attrlabl Sync="TRUE">ORIG_FID</attrlabl><attalias Sync="TRUE">ORIG_FID</attalias><attrtype Sync="TRUE">Integer</attrtype><attwidth Sync="TRUE">10</attwidth><atprecis Sync="TRUE">10</atprecis><attscale Sync="TRUE">0</attscale></attr><attr><attrlabl Sync="TRUE">Area_m2</attrlabl><attalias Sync="TRUE">Area_m2</attalias><attrtype Sync="TRUE">Double</attrtype><attwidth Sync="TRUE">19</attwidth><atprecis Sync="TRUE">0</atprecis><attscale Sync="TRUE">0</attscale></attr><attr><attrlabl Sync="TRUE">Rain_Volum</attrlabl><attalias Sync="TRUE">Rain_Volum</attalias><attrtype Sync="TRUE">Double</attrtype><attwidth Sync="TRUE">19</attwidth><atprecis Sync="TRUE">0</atprecis><attscale Sync="TRUE">0</attscale></attr><attr><attrlabl Sync="TRUE">Area_Total</attrlabl><attalias Sync="TRUE">Area_Total</attalias><attrtype Sync="TRUE">Double</attrtype><attwidth Sync="TRUE">19</attwidth><atprecis Sync="TRUE">0</atprecis><attscale Sync="TRUE">0</attscale></attr><attr><attrlabl Sync="TRUE">Percentage</attrlabl><attalias Sync="TRUE">Percentage</attalias><attrtype Sync="TRUE">Double</attrtype><attwidth Sync="TRUE">19</attwidth><atprecis Sync="TRUE">0</atprecis><attscale Sync="TRUE">0</attscale></attr><attr><attrlabl Sync="TRUE">Island_Min</attrlabl><attalias Sync="TRUE">Island_Min</attalias><attrtype Sync="TRUE">Integer</attrtype><attwidth Sync="TRUE">10</attwidth><atprecis Sync="TRUE">10</atprecis><attscale Sync="TRUE">0</attscale></attr><attr><attrlabl Sync="TRUE">Island_Max</attrlabl><attalias Sync="TRUE">Island_Max</attalias><attrtype Sync="TRUE">Integer</attrtype><attwidth Sync="TRUE">10</attwidth><atprecis Sync="TRUE">10</atprecis><attscale Sync="TRUE">0</attscale></attr><attr><attrlabl Sync="TRUE">Contour_mi</attrlabl><attalias Sync="TRUE">Contour_mi</attalias><attrtype Sync="TRUE">Double</attrtype><attwidth Sync="TRUE">19</attwidth><atprecis Sync="TRUE">0</atprecis><attscale Sync="TRUE">0</attscale></attr><attr><attrlabl Sync="TRUE">Contour__1</attrlabl><attalias Sync="TRUE">Contour__1</attalias><attrtype Sync="TRUE">Double</attrtype><attwidth Sync="TRUE">19</attwidth><atprecis Sync="TRUE">0</atprecis><attscale Sync="TRUE">0</attscale></attr><attr><attrlabl Sync="TRUE">Rain_Vol_O</attrlabl><attalias Sync="TRUE">Rain_Vol_O</attalias><attrtype Sync="TRUE">Double</attrtype><attwidth Sync="TRUE">19</attwidth><atprecis Sync="TRUE">0</atprecis><attscale Sync="TRUE">0</attscale></attr><attr><attrlabl Sync="TRUE">Shape_Leng</attrlabl><attalias Sync="TRUE">Shape_Leng</attalias><attrtype Sync="TRUE">Double</attrtype><attwidth Sync="TRUE">19</attwidth><atprecis Sync="TRUE">0</atprecis><attscale Sync="TRUE">0</attscale></attr><attr><attrlabl Sync="TRUE">Shape_Area</attrlabl><attalias Sync="TRUE">Shape_Area</attalias><attrtype Sync="TRUE">Double</attrtype><attwidth Sync="TRUE">19</attwidth><atprecis Sync="TRUE">0</atprecis><attscale Sync="TRUE">0</attscale><attrdef Sync="TRUE">Area of feature in internal units squared.</attrdef><attrdefs Sync="TRUE">Esri</attrdefs><attrdomv><udom Sync="TRUE">Positive real numbers that are automatically generated.</udom></attrdomv></attr></detailed></eainfo><mdDateSt Sync="TRUE">20240217</mdDateSt></metadata>
